<?xml version="1.0" encoding="UTF-8"?>
<jax-ws xmlns="http://www.netbeans.org/ns/jax-ws/1">
  <services/>
  <clients>
    <client name="Hello">
      <wsdl-url>http://192.168.0.1:8080/GRSD_P01_SOAP_Server/Hello?wsdl</wsdl-url>
      <local-wsdl-file>192.168.0.1_8080/GRSD_P01_SOAP_Server/Hello.wsdl</local-wsdl-file>
      <package-name>grsd_p01_soap_server</package-name>
      <catalog-file>catalog.xml</catalog-file>
      <wsimport-options>
        <wsimport-option>
          <wsimport-option-name>extension</wsimport-option-name>
          <wsimport-option-value>true</wsimport-option-value>
        </wsimport-option>
        <wsimport-option>
          <wsimport-option-name>verbose</wsimport-option-name>
          <wsimport-option-value>true</wsimport-option-value>
        </wsimport-option>
        <wsimport-option>
          <wsimport-option-name>fork</wsimport-option-name>
          <wsimport-option-value>false</wsimport-option-value>
        </wsimport-option>
        <wsimport-option>
          <wsimport-option-name>wsdlLocation</wsimport-option-name>
          <wsimport-option-value>http://192.168.0.1:8080/GRSD_P01_SOAP_Server/Hello?wsdl</wsimport-option-value>
        </wsimport-option>
        <wsimport-option>
          <wsimport-option-name>xnocompile</wsimport-option-name>
          <wsimport-option-value>true</wsimport-option-value>
        </wsimport-option>
        <wsimport-option>
          <wsimport-option-name>xendorsed</wsimport-option-name>
          <wsimport-option-value>true</wsimport-option-value>
        </wsimport-option>
      </wsimport-options>
    </client>
  </clients>
</jax-ws>
